id;first_name;middle_name;last_name;display_name;email;phone;department;job_title;customer_unit_key_id
1;Jazmyne;Grocery;Jenkins;convergence;"KeK@EU4sD-.GvKRS.7S.HH8";728-398-40;Plain Sweden repurpose;Dynamic Usability Orchestrator;1
2;Carroll;Buckinghamshire Developer;Reichert;visionary;"N2b@8.g5";1-275-460-;panel;Senior Implementation Strategist;2
3;Orin;high-level target paradigms;Von;Associate hacking;"Pa@HlP9LT.bJDa.YaNRq.1KNOm.H.q1b9";1-218-995-;Cotton program deposit;Regional Accountability Executive;3
4;Jefferey;Plains Colorado quantifying;O'Hara;Bedfordshire;"IjLG4@JhSs.tJ.7o";981.481.08;Group;Chief Response Associate;4
5;Clifford;time-frame;Gerlach;Concrete Alaska Isle;"Md@GS.90y.73.RZ.H.OPq13T.TYY";413-735-63;invoice Switzerland;Lead Optimization Facilitator;5
6;Jalon;Dirham seamless;Baumbach;deposit mobile Pants;"CzN@f.EJm7f.YPz.WCnDq.kgtj.63lo";(879) 709-;ivory;Dynamic Usability Engineer;6
7;Darrick;open-source Hollow Mandatory;Haag;well-modulated silver;"Y@dm.nirZf.pAKH";769-463-85;Yuan;Product Optimization Consultant;7
8;Gilda;Garden Savings firewall;West;salmon Concrete;"xm@XCj4Q.FAJrE.en0.ndM";(979) 988-;magnetic Chair THX;Global Operations Technician;8
9;Addison;proactive calculating open-source;Braun;Lead programming;"rHZ@0hpl.40k.3.w1.VH";(334) 808-;Interactions Sleek navigating;Product Optimization Administrator;9
10;Aniyah;Steel fault-tolerant Frozen;Osinski;contextually-based end-to-end;"Dwd@cI9.f.iHpZ.D.y_Lhs.T.Qpkb";1-312-412-;intelligence Facilitator;National Integration Producer;10
